S_NO,Region,Rain_11_Mar,Rain_18_Mar
1,ANJAW,-100.0,-19.0
2,CHANGLANG,-89.0,364.0
3,DIBANG VALLEY,-83.0,-83.0
4,EAST KAMENG,-63.0,2.0
5,EAST SIANG,-74.0,246.0
6,KURUNG KUMEY,0.0,0.0
7,LOHIT,-97.0,42.0
8,LOWER DIBANG VALLEY,0.0,0.0
9,LOWER SUBANSIRI,-62.0,226.0
10,PAPUMPARA,-55.0,192.0
11,TAWANG,0.0,173.0
12,TIRAP,-82.0,265.0
13,UPPER SIANG,-98.0,-22.0
14,UPPER SUBANSIRI,-95.0,-3.0
15,WEST KAMENG,-44.0,31.0
16,WEST SIANG,-71.0,42.0
1,BAJALI,-100.0,1096.0
2,BAKSA,-70.0,601.0
3,BARPETA,-89.0,1375.0
4,BISWANATH,0.0,119.0
5,BONGAIGAON,-55.0,2134.0
6,CACHAR,-87.0,243.0
7,CHARAIDEO,17.0,242.0
8,CHIRANG,-77.0,1164.0
9,DARRANG,-71.0,198.0
10,DHEMAJI,-63.0,280.0
11,DHUBRI,-100.0,835.0
12,DIBRUGARH,-74.0,102.0
13,DIMA HASAO,-88.0,88.0
14,GOALPARA,-100.0,422.0
15,GOLAGHAT,-96.0,211.0
16,HAILAKANDI,-100.0,90.0
17,HOJAI,-100.0,80.0
18,JORHAT,-71.0,109.0
19,KAMRUP (RURAL),-89.0,446.0
20,KAMRUP METRO.,-100.0,254.0
21,KARBI ANGLONG,-100.0,-10.0
22,KOKRAJHAR,-100.0,845.0
23,LAKHIMPUR,-85.0,187.0
24,MAJULI,-100.0,228.0
25,MORIGAON,-35.0,360.0
26,NAGAON,-100.0,94.0
27,NALBARI,-72.0,585.0
28,SIBSAGAR,-97.0,-49.0
29,SONITPUR,-42.0,409.0
30,SOUTH SALMARA,0.0,0.0
31,SRIBHUMI,-100.0,-70.0
32,TAMULPUR,-59.0,1003.0
33,TINSUKIA,-93.0,-18.0
34,UDALGURI,-48.0,645.0
35,WEST KARBI ANGLONG,-100.0,427.0
1,EAST GARO HILLS,-100.0,494.0
2,EAST JAINTIA HILLS,-100.0,-72.0
3,EAST KHASI HILLS,-89.0,200.0
4,NORTH GARO HILLS,-100.0,1703.0
5,RI-BHOI,1567.0,802.0
6,SOUTH GARO HILLS,-100.0,1002.0
7,SOUTH WEST GARO HILLS,-100.0,537.0
8,SOUTH WEST KHASI HILLS,-100.0,733.0
9,WEST GARO HILLS,-100.0,176.0
10,WEST JAINTIA HILLS,-100.0,-24.0
11,WEST KHASI HILLS,-56.0,136.0
1,DIMAPUR,-93.0,99.0
2,KIPHIRE,-98.0,621.0
3,KOHIMA,164.0,277.0
4,LONGLENG,0.0,0.0
5,MOKOKCHUNG,-92.0,235.0
6,MON,-100.0,-58.0
7,PAREN,0.0,0.0
8,PHEK,-100.0,-100.0
9,TUENSANG,0.0,0.0
10,WOKHA,-82.0,106.0
11,ZUNHEBOTO,-100.0,24.0
1,BISHNUPUR,0.0,45.0
2,CHANDEL,-72.0,172.0
3,CHURACHANDPUR,0.0,6.0
4,IMPHAL EAST,-79.0,261.0
5,IMPHAL WEST,0.0,0.0
6,SENAPATI,-44.0,889.0
7,TAMENGLONG,0.0,-86.0
8,THOUBAL,-100.0,60.0
9,UKHRUL,0.0,395.0
1,AIZWAL,-49.0,231.0
2,CHAMPHAI,-100.0,-100.0
4,KOLASIB,-100.0,346.0
5,LAWNGTLAI,-64.0,-78.0
6,LUNGLEI,0.0,0.0
7,MAMIT,0.0,0.0
8,SAIHA,-96.0,-69.0
9,SERCHHIP,-44.0,-26.0
1,DHALAI,-100.0,53.0
2,GOMATI,-100.0,64.0
3,KHOWAI,-100.0,117.0
4,NORTH TRIPURA,-100.0,186.0
5,SIPAHIJALA,-100.0,-98.0
6,SOUTH TRIPURA,-100.0,-66.0
7,UNAKOTI,-100.0,220.0
8,WEST TRIPURA,-91.0,105.0
4,NAMCHI,-2.0,147.0
5,PAKYONG,13.0,83.0
6,SORENG,-76.0,-74.0
1,BANKURA,-83.0,35.0
2,BIRBHUM,-100.0,18.0
3,EAST MIDNAPORE,-100.0,-17.0
4,HOOGHLY,-100.0,-53.0
5,HOWRAH,-100.0,215.0
6,JHARGRAM,-98.0,0.0
7,KOLKATA,-76.0,14.0
8,MURSHIDABAD,-100.0,-81.0
9,NADIA,-100.0,-38.0
10,NORTH 24 PARGANAS,-100.0,-3.0
11,PASCHIM BARDHAMAN,-100.0,-27.0
12,PURBA BARDHAMAN,-100.0,-59.0
13,PURULIA,11.0,77.0
14,SOUTH 24 PARGANAS,-100.0,-40.0
15,WEST MIDNAPORE,-99.0,13.0
1,ANGUL,-100.0,-71.0
2,BALASORE,-100.0,17.0
3,BARGARH,-100.0,-61.0
4,BHADRAK,-100.0,-69.0
5,BOLANGIR,-100.0,-72.0
6,BOUDHGARH,-100.0,-100.0
7,CUTTACK,-100.0,-100.0
8,DEOGARH,-100.0,-97.0
9,DHENKANAL,-100.0,-94.0
10,GAJAPATI,-100.0,-98.0
11,GANJAM,-100.0,-74.0
12,JAGATSINGHPUR,-100.0,-65.0
13,JAJPUR,-100.0,-97.0
14,JHARSUGUDA,-100.0,10.0
15,KALAHANDI,-100.0,-67.0
16,KANDHAMAL,-100.0,-56.0
17,KENDRAPARA,-100.0,-79.0
18,KEONJHARGARH,-99.0,-25.0
19,KHURDA,-100.0,-100.0
20,KORAPUT,-100.0,-65.0
21,MALKANGIRI,-100.0,-100.0
22,MAYURBHANJ,-70.0,119.0
23,NAWAPARA,-100.0,144.0
24,NAWARANGPUR,-100.0,25.0
25,NAYAGARH,-100.0,-95.0
26,PURI,-100.0,-100.0
27,RAYAGADA,-100.0,-100.0
28,SAMBALPUR,-100.0,-36.0
29,SONEPUR,-100.0,-100.0
30,SUNDARGARH,-100.0,143.0
1,BOKARO,10.0,-30.0
2,CHATRA,-100.0,-100.0
3,DEOGHAR,-100.0,-28.0
4,DHANBAD,50.0,28.0
5,DUMKA,-100.0,161.0
6,EAST SINGBHUM,-7.0,71.0
7,GARHWA,-100.0,-100.0
8,GIRIDIH,-70.0,5.0
9,GODDA,-100.0,-22.0
10,GUMLA,-100.0,-87.0
11,HAZARIBAG,-80.0,-84.0
12,JAMTARA,-100.0,-57.0
13,KHUNTI,-100.0,-92.0
14,KODERMA,-100.0,-100.0
15,LATEHAR,-100.0,-99.0
16,LOHARDAGA,-100.0,-89.0
17,PAKUR,-100.0,-72.0
18,PALAMU,-100.0,-100.0
19,RAMGARH,-90.0,-79.0
20,RANCHI,-70.0,-40.0
21,SAHIBGANJ,-100.0,-100.0
22,SERAIKELA-KHARSAWAN,-100.0,-94.0
23,SIMDEGA,-100.0,-78.0
24,WEST SINGBHUM,-94.0,-37.0
1,ARARIA,-100.0,-34.0
2,ARWAL,-100.0,-100.0
3,AURANGABAD,-100.0,-100.0
4,BANKA,-100.0,-100.0
5,BEGUSARAI,-100.0,-100.0
6,BHABUA,-100.0,-100.0
7,BHAGALPUR,-100.0,-99.0
8,BHOJPUR,-100.0,-100.0
9,BUXAR,-100.0,-100.0
10,DARBHANGA,-100.0,-90.0
11,EAST CHAMPARAN,-100.0,-85.0
12,GAYA,-100.0,-100.0
13,GOPALGANJ,-100.0,-100.0
14,JAHANABAD,-100.0,-100.0
15,JAMUI,-100.0,-100.0
16,KATIHAR,-100.0,-100.0
17,KHAGARIA,-100.0,-100.0
18,KISHANGANJ,-100.0,271.0
19,LAKHISARAI,-100.0,-100.0
20,MADHEPURA,-100.0,-85.0
21,MADHUBANI,-100.0,-100.0
22,MONGHYR,-100.0,-100.0
23,MUZAFFARPUR,-100.0,-87.0
24,NALANDA,-100.0,36.0
25,NAWADA,-100.0,-75.0
26,PATNA,-100.0,-97.0
27,PURNEA,-100.0,96.0
28,ROHTAS,-100.0,-100.0
29,SAHARSA,-100.0,-87.0
30,SAMASTIPUR,-100.0,-100.0
31,SARAN,-100.0,-98.0
32,SHEIKHPURA,-100.0,-76.0
33,SHEOHAR,-100.0,-37.0
34,SITAMARHI,-100.0,8.0
35,SIWAN,-100.0,-100.0
36,SUPAUL,-100.0,-99.0
37,VAISHALI,-100.0,-100.0
38,WEST CHAMPARAN,-88.0,-41.0
1,AMBEDKAR NAGAR,-100.0,-100.0
2,AMETHI,-100.0,-100.0
3,AYODHYA,-100.0,-100.0
4,AZAMGARH,-100.0,-100.0
5,BAHRAICH,-100.0,-98.0
6,BALLIA,-100.0,-100.0
7,BALRAMPUR,-100.0,-100.0
8,BANDA,-100.0,-100.0
9,BARABANKI,-100.0,-99.0
10,BASTI,-100.0,-100.0
11,BHADOHI,-100.0,-100.0
12,CHANDAULI,-100.0,-100.0
13,CHITRAKOOT,-100.0,-100.0
14,DEORIA,-100.0,-100.0
15,FARRUKHABAD,-100.0,-100.0
16,FATEHPUR,-100.0,-100.0
17,GHAZIPUR,-100.0,-100.0
18,GONDA,-100.0,-100.0
19,GORAKHPUR,-100.0,-100.0
20,HARDOI,-100.0,-100.0
21,JAUNPUR,-100.0,-100.0
22,KANNAUJ,-100.0,-100.0
23,KANPUR CITY,-100.0,-100.0
24,KANPUR DEHAT,-100.0,-100.0
25,KAUSHAMBI,-100.0,-100.0
26,KHERI,-100.0,-79.0
27,KUSHI NAGAR,-100.0,-100.0
28,LUCKNOW,-100.0,-100.0
29,MAHARAJGANJ,-100.0,-100.0
30,MAU,-100.0,-100.0
31,MIRZAPUR,-100.0,-100.0
32,PRATAPGARH,-100.0,-100.0
33,PRAYAGRAJ,-100.0,-100.0
34,RAE BAREILLY,-100.0,-100.0
35,SANT KABIR NAGAR,-100.0,-100.0
36,SHRAWASTI NAGAR,-100.0,-100.0
37,SIDDHARTH NAGAR,-100.0,-97.0
38,SITAPUR,-100.0,-97.0
39,SONBHADRA,-100.0,-100.0
40,SULTANPUR,-100.0,-100.0
41,UNNAO,-100.0,-100.0
42,VARANASI,-100.0,-100.0
1,AGRA,-100.0,-100.0
2,ALIGARH,-100.0,-93.0
3,AMROHA,-100.0,-100.0
4,AURAIYA,-100.0,-100.0
5,BADAUN,-100.0,-100.0
6,BAGHPAT,-100.0,-74.0
7,BAREILLY,-100.0,-75.0
8,BIJNOR,-100.0,-47.0
9,BULANDSHAHAR,-100.0,-100.0
10,ETAH,-100.0,-100.0
11,ETAWAH,-100.0,-100.0
12,FIROZABAD,-100.0,-100.0
13,GAUTAM BUDDHA NAGAR,-100.0,-76.0
14,GHAZIABAD,-100.0,-88.0
15,HAMIRPUR,-100.0,-100.0
16,HAPUR,-100.0,-80.0
17,HATHRAS,-100.0,-100.0
18,JALAUN,-100.0,-100.0
19,JHANSI,-100.0,-100.0
20,KASGANJ,-100.0,-95.0
21,LALITPUR,-100.0,-100.0
22,MAHOBA,-100.0,-100.0
23,MAINPURI,-100.0,-100.0
24,MATHURA,-100.0,-100.0
25,MEERUT,-100.0,-79.0
26,MORADABAD,-100.0,-87.0
27,MUZAFFARNAGAR,-100.0,-23.0
28,PILIBHIT,-100.0,-91.0
29,RAMPUR,-100.0,-91.0
30,SAHARANPUR,-100.0,-70.0
31,SAMBHAL,-100.0,-67.0
32,SHAHJAHANPUR,-100.0,-100.0
33,SHAMLI,-100.0,-76.0
1,ALMORA,-100.0,-51.0
2,BAGESHWAR,-100.0,-47.0
3,CHAMOLI,-93.0,-59.0
4,CHAMPAWAT,-100.0,-41.0
5,DEHRADUN,-100.0,-69.0
6,GARHWAL PAURI,-100.0,-34.0
7,GARHWAL TEHRI,-100.0,-36.0
8,HARDWAR,-100.0,-17.0
9,NAINITAL,-100.0,-62.0
10,PITHORAGARH,-86.0,-51.0
11,RUDRAPRAYAG,-100.0,-47.0
12,UDHAM SINGH NAGAR,-100.0,-63.0
13,UTTARKASHI,-100.0,-60.0
1,AMBALA,-100.0,-83.0
2,BHIWANI,-100.0,-39.0
3,CHARKHI DADRI,-100.0,-16.0
4,FARIDABAD,-100.0,-100.0
5,FATEHABAD,-100.0,-70.0
6,GURGAON,-100.0,-89.0
7,HISAR,-100.0,-93.0
8,JHAJJAR,-100.0,-74.0
9,JIND,-100.0,-99.0
10,KAITHAL,-100.0,-48.0
11,KARNAL,-100.0,-44.0
12,KURUKSHETRA,-100.0,-53.0
13,MAHENDRAGARH,-100.0,-99.0
14,NUH,-100.0,-91.0
15,PALWAL,-100.0,-100.0
16,PANCHKULA,-100.0,-80.0
17,PANIPAT,-100.0,-65.0
18,REWARI,-100.0,-88.0
19,ROHTAK,-100.0,-72.0
20,SIRSA,-100.0,-94.0
21,SONEPAT,-100.0,-81.0
22,YAMUNA NAGAR,-100.0,-84.0
1,CENTRAL DELHI,-100.0,-99.0
2,EAST DELHI,-100.0,-92.0
3,NEW DELHI,-100.0,-97.0
4,NORTH DELHI,0.0,0.0
5,NORTH EAST DELHI,-100.0,-99.0
6,NORTH WEST DELHI,-100.0,-61.0
7,SOUTH DELHI,-100.0,-82.0
8,SOUTH EAST DELHI,-100.0,-92.0
9,SOUTH WEST DELHI,-100.0,-91.0
10,WEST DELHI,-100.0,-96.0
1,AMRITSAR,-100.0,-39.0
2,BARNALA,-100.0,-36.0
3,BHATINDA,-100.0,-99.0
4,FARIDKOT,-100.0,-83.0
5,FATEHGARH SAHIB,-100.0,-91.0
6,FAZILKA,-100.0,-82.0
7,FEROZEPUR,-100.0,-19.0
8,GURDASPUR,-100.0,-37.0
9,HOSHIARPUR,-100.0,-90.0
10,JALANDHAR,-100.0,-95.0
11,KAPURTHALA,-100.0,-94.0
12,LUDHIANA,-100.0,-86.0
13,MANSA,-100.0,-81.0
14,MOGA,-100.0,-100.0
15,MUKTSAR,-100.0,-97.0
16,PATHANKOT,-100.0,-37.0
17,PATIALA,-100.0,-83.0
18,RUPNAGAR,-100.0,-71.0
19,SANGRUR,-100.0,-43.0
20,SAS NAGAR (MOHALI),-100.0,-92.0
21,SBS NAGAR,-100.0,-78.0
22,TARN TARAN,-100.0,-47.0
1,BILASPUR,-100.0,-60.0
2,CHAMBA,-100.0,-53.0
3,HAMIRPUR,-100.0,-49.0
4,KANGRA,-100.0,-62.0
5,KINNAUR,-100.0,-66.0
6,KULLU,-100.0,-45.0
7,LAHAUL & SPITI,-99.0,-50.0
8,MANDI,-100.0,-35.0
9,SHIMLA,-100.0,-53.0
10,SIRMAUR,-100.0,-85.0
11,SOLAN,-100.0,-78.0
12,UNA,-100.0,-33.0
2,BADGAM,-94.0,-74.0
3,BANDIPORE,-93.0,-52.0
4,BARAMULA,-70.0,-51.0
5,DODA,-100.0,-70.0
6,GANDERBAL,-57.0,-42.0
7,JAMMU,-100.0,-53.0
8,KATHUA,-100.0,-55.0
9,KISTWAR,-100.0,-56.0
10,KULGAM,-99.0,-94.0
11,KUPWARA,-92.0,-49.0
12,POONCH,-93.0,-52.0
13,PULWAMA,-91.0,-63.0
14,RAJOURI,-100.0,-59.0
15,RAMBAN,-100.0,-72.0
16,REASI,-100.0,-73.0
17,SAMBA,-100.0,-17.0
18,SHOPIAN,-96.0,-88.0
19,SRINAGAR,-90.0,-62.0
20,UDHAMPUR,-100.0,-81.0
1,AJMER,-100.0,-100.0
2,ALWAR,-100.0,-99.0
3,BANSWARA,-100.0,-100.0
4,BARAN,-100.0,-100.0
5,BHARATPUR,-100.0,-100.0
6,BHILWARA,-100.0,-100.0
7,BUNDI,-100.0,-100.0
8,CHITTORGARH,-100.0,-100.0
9,DAUSA,-100.0,-100.0
10,DHOLPUR,-100.0,-100.0
11,DUNGARPUR,-100.0,-100.0
12,JAIPUR,-100.0,-100.0
13,JHALAWAR,-100.0,-100.0
14,JHUNJHUNU,-100.0,-98.0
15,KARAULI,-100.0,-100.0
16,KOTA,-100.0,-100.0
17,PRATAPGARH,-100.0,-100.0
18,RAJSAMAND,-100.0,-100.0
19,SAWAI MADHOPUR,-100.0,-100.0
20,SIKAR,-100.0,-100.0
21,SIROHI,-100.0,-100.0
22,TONK,-100.0,-100.0
23,UDAIPUR,-100.0,-100.0
1,BARMER,-100.0,-100.0
2,BIKANER,-100.0,-100.0
3,CHURU,-100.0,-100.0
4,HANUMANGARH,-100.0,-100.0
5,JAISALMER,-100.0,-100.0
6,JALORE,-100.0,-100.0
7,JODHPUR,-100.0,-100.0
8,NAGAUR,-100.0,-100.0
9,PALI,-100.0,-100.0
10,SRI GANGANAGAR,-100.0,-95.0
1,ANUPPUR,-100.0,-100.0
2,BALAGHAT,-100.0,-84.0
3,CHHATARPUR,-100.0,-100.0
4,CHHINDWARA,-100.0,-100.0
5,DAMOH,-100.0,-100.0
6,DINDORI,-100.0,-100.0
7,JABALPUR,-100.0,-100.0
8,KATNI,-100.0,-100.0
9,MANDLA,-100.0,-100.0
10,NARSINGHPUR,-100.0,-100.0
11,NIWARI,-100.0,-100.0
12,PANNA,-100.0,-100.0
13,REWA,-100.0,-100.0
14,SAGAR,-100.0,-100.0
15,SATNA,-100.0,-100.0
16,SEONI,-100.0,-100.0
17,SHAHDOL,-100.0,-100.0
18,SIDHI,-100.0,-100.0
19,SINGRAULI,-100.0,-100.0
20,TIKAMGARH,-100.0,-100.0
21,UMARIA,-100.0,-100.0
1,AGAR-MALWA,-100.0,-100.0
2,ALIRAJPUR,-100.0,-100.0
3,ASHOKNAGAR,-100.0,-100.0
4,BARWANI,-100.0,-100.0
5,BETUL,-100.0,-100.0
6,BHIND,-100.0,-100.0
7,BHOPAL,-100.0,-100.0
8,BURHANPUR,-100.0,-100.0
9,DATIA,-100.0,-100.0
10,DEWAS,-100.0,-100.0
11,DHAR,-100.0,-100.0
12,GUNA,-100.0,-100.0
13,GWALIOR,-100.0,-100.0
14,HARDA,-100.0,-100.0
15,INDORE,-100.0,-100.0
16,JHABUA,-100.0,-100.0
17,KHANDWA,-100.0,-100.0
18,KHARGONE,-100.0,-100.0
19,MANDSAUR,-100.0,-100.0
20,MORENA,-100.0,-100.0
21,NARMADAPURAM,-100.0,-100.0
22,NEEMUCH,-100.0,-100.0
23,RAISEN,-100.0,-100.0
24,RAJGARH,-100.0,-100.0
25,RATLAM,-100.0,-100.0
26,SEHORE,-100.0,-100.0
27,SHAJAPUR,-100.0,-100.0
28,SHEOPUR,-100.0,-100.0
29,SHIVPURI,-100.0,-100.0
30,UJJAIN,-100.0,-100.0
31,VIDISHA,-100.0,-100.0
2,ANAND,-100.0,-100.0
3,ARAVALLI,-100.0,-100.0
4,BANASKANTHA,-100.0,-100.0
5,BHARUCH,-100.0,-100.0
6,CHHOTA UDEPUR,-100.0,-100.0
7,DADARA & NAGAR HAVELI,0.0,0.0
8,DAHOD,-100.0,-100.0
9,DAMAN,-100.0,-100.0
10,DANGS,-100.0,-100.0
11,GANDHINAGAR,-100.0,-100.0
12,KHEDA,-100.0,-100.0
13,MAHISAGAR,-100.0,-100.0
14,MEHSANA,-100.0,-100.0
15,NARMADA,-100.0,-100.0
16,NAVSARI,-100.0,-100.0
17,PANCHMAHAL,-100.0,-100.0
18,PATAN,-100.0,-100.0
19,SABARKANTHA,-100.0,-100.0
20,SURAT,-100.0,-100.0
21,TAPI,-100.0,-100.0
22,VADODARA,-100.0,-100.0
23,VALSAD,-100.0,-100.0
1,AMRELI,-100.0,-100.0
2,BHAVNAGAR,-100.0,-100.0
3,BOTAD,-100.0,-100.0
4,DEVBHOOMI DWARKA,-100.0,-100.0
5,DIU,-100.0,-100.0
6,GIR SOMNATH,-100.0,-100.0
7,JAMNAGAR,-100.0,-100.0
8,JUNAGADH,-100.0,-100.0
9,KUTCH,-100.0,-100.0
10,MORBI,-100.0,-100.0
11,PORBANDAR,-100.0,-100.0
12,RAJKOT,-100.0,-100.0
13,SURENDRANAGAR,-100.0,-100.0
1,MUMBAI CITY,-100.0,-100.0
2,MUMBAI SUBURBAN,-100.0,-100.0
3,PALGHAR,-100.0,-100.0
4,RAIGAD,-100.0,-100.0
5,RATNAGIRI,-100.0,-100.0
6,SINDHUDURG,-100.0,-100.0
7,THANE,-100.0,-100.0
5,NANDURBAR,-100.0,-100.0
6,NASHIK,-100.0,-100.0
7,PUNE,-100.0,-100.0
8,SANGLI,-100.0,-16.0
9,SATARA,-100.0,-95.0
10,SHOLAPUR,-100.0,5.0
1,BEED,-100.0,-98.0
2,CHH. SAMBHAJINAGAR,-100.0,-100.0
3,DHARASHIV,-100.0,-91.0
4,HINGOLI,-100.0,-43.0
5,JALNA,-100.0,-100.0
6,LATUR,-100.0,2.0
7,NANDED,-100.0,-87.0
8,PARBHANI,-100.0,-94.0
1,AKOLA,-100.0,-100.0
2,AMRAOTI,-100.0,-100.0
3,BHANDARA,-100.0,-97.0
4,BULDHANA,-100.0,-100.0
5,CHANDRAPUR,-100.0,-84.0
6,GADCHIROLI,-100.0,-100.0
7,GONDIA,-100.0,-100.0
8,NAGPUR,-100.0,-89.0
9,WARDHA,-100.0,-100.0
10,WASHIM,-100.0,-100.0
11,YEOTMAL,-100.0,-100.0
1,BALOD,-100.0,-100.0
2,BALODA BAZAR,-100.0,-100.0
3,BALRAMPUR,-100.0,-100.0
4,BASTAR,-100.0,-16.0
5,BEMETARA,-100.0,-37.0
6,BIJAPUR,-89.0,-89.0
7,BILASPUR,-100.0,-100.0
8,DANTEWADA,-100.0,1586.0
9,DHAMTARI,-100.0,-1.0
10,DURG,-100.0,-100.0
11,GARIABAND,-100.0,132.0
12,GAURELA-PENDRA-MARWAHI,-100.0,-100.0
13,JANJGIR-CHAMPA,-100.0,-85.0
14,JASHPUR,-100.0,-99.0
15,KABIRDHAM,-100.0,-93.0
16,KANKER,-100.0,-100.0
17,KHAIRAGARH-CHHUIKHADAN-GANDAI,-100.0,12.0
18,KONDAGAON,-100.0,-100.0
19,KORBA,-100.0,-100.0
20,KOREA,-100.0,-100.0
21,MAHASAMUND,-100.0,-100.0
22,MANENDRAGARH-CHIRMIRI-BHARATPUR,-100.0,-100.0
23,MOHALA-MANPUR-CHOWKI,-100.0,-100.0
24,MUNGELI,-100.0,-100.0
25,NARAYANPUR,-100.0,-100.0
26,RAIGARH,-100.0,-77.0
27,RAIPUR,-100.0,-56.0
28,RAJNANDGAON,-100.0,-98.0
29,SAKTI,-100.0,-83.0
30,SARANGARH-BILAIGARH,-100.0,-100.0
31,SUKMA,-100.0,-100.0
32,SURAJPUR,-100.0,-98.0
33,SURGUJA,-100.0,-100.0
1,ANAKAPALLI,-100.0,-100.0
2,BAPATLA,-100.0,-100.0
3,DR B R AMBEDKAR KONASEEMA,-100.0,-100.0
4,EAST GODAVARI,0.0,0.0
5,ELURU,-100.0,-100.0
6,GUNTUR,-100.0,-100.0
7,KAKINADA,-100.0,-100.0
8,KRISHNA,-100.0,-100.0
9,NTR DISTRICT,-100.0,-100.0
10,PALNADU,-100.0,-100.0
11,PARVATHIPURAM MANYAM,-100.0,-98.0
12,PRAKASAM,-100.0,-100.0
13,SPSR NELLORE,-100.0,-100.0
14,SRI ALLURI SITHARAMARAJU DISTRICT,-100.0,69.0
15,SRIKAKULAM,-100.0,-100.0
16,VISHAKHAPATNAM,-100.0,-100.0
17,VIZIANAGARAM,-100.0,-100.0
18,WEST GODAVARI,-100.0,-100.0
19,YANAM,-100.0,-100.0
1,ANANTAPURAMU,-100.0,-98.0
2,ANNAMAYYA DISTRICT,-100.0,-100.0
3,CHITTOOR,-100.0,-100.0
4,KURNOOL,-100.0,-100.0
5,NANDYAL,-100.0,-100.0
6,SRI SATHYASAI DISTRICT,-100.0,-91.0
7,TIRUPATI,-100.0,-100.0
8,YSR DISTRICT,-100.0,-100.0
1,ADILABAD,-100.0,-85.0
2,B. KOTHAGUDEM,-100.0,-100.0
3,HANUMAKONDA,-100.0,-93.0
4,HYDERABAD,-100.0,-62.0
5,J. BHUPALPALLY,-100.0,-100.0
6,JAGTIAL,-100.0,-94.0
7,JANGAON,-100.0,-82.0
8,JOGULAMBA GADWAL,-100.0,-61.0
9,KAMAREDDY,-100.0,-61.0
10,KARIMNAGAR,-100.0,-69.0
11,KHAMMAM,-100.0,-100.0
12,KUMARAM BHEEM,-100.0,8.0
13,M. MALKAJGIRI,-100.0,-41.0
14,MAHABUBABAD,-100.0,-100.0
15,MAHABUBNAGAR,-100.0,64.0
16,MANCHERIAL,-100.0,26.0
17,MEDAK,-100.0,22.0
18,MULUGU,-100.0,-96.0
19,NAGARKURNOOL,-100.0,22.0
20,NALGONDA,-100.0,-94.0
21,NARAYANPET,-100.0,-18.0
22,NIRMAL,-100.0,-88.0
23,NIZAMABAD,-100.0,-61.0
24,PEDDAPALLE,-100.0,-75.0
25,RAJANNA SIRCILLA,-100.0,-95.0
26,RANGAREDDY,-100.0,30.0
27,SANGAREDDY,-100.0,87.0
28,SIDDIPET,-100.0,-89.0
29,SURYAPET,-100.0,-100.0
30,VIKARABAD,-100.0,24.0
31,WANAPARTHY,-100.0,-23.0
32,WARANGAL,-100.0,-97.0
33,Y. BHUVANAGIRI,-100.0,-88.0
1,ARIYALUR,-82.0,-87.0
2,CHENGALPATTU,-100.0,-100.0
3,CHENNAI,-100.0,-100.0
4,COIMBATORE,-95.0,-49.0
5,CUDDALORE,-99.0,-99.0
6,DHARMAPURI,-100.0,-100.0
7,DINDIGUL,-99.0,-97.0
8,ERODE,-100.0,-37.0
9,KALLAKURICHI,-100.0,-100.0
10,KANCHEEPURAM,-100.0,-100.0
11,KANYAKUMARI,-72.0,-68.0
12,KARUR,-100.0,-100.0
13,KRISHNAGIRI,-100.0,-100.0
14,MADURAI,-100.0,-31.0
15,MAYILADUTHURAI,-88.0,-80.0
16,NAGAPATTINAM,-82.0,-56.0
17,NAMAKKAL,-100.0,-100.0
18,NILGIRIS,-100.0,-88.0
19,PERAMBALUR,-100.0,-100.0
20,PUDUKKOTTAI,-75.0,-84.0
21,RAMANATHAPURAM,-85.0,-63.0
22,RANIPET,-100.0,-100.0
23,SALEM,-100.0,-96.0
24,SIVAGANGA,-100.0,-98.0
25,TENKASI,-100.0,-93.0
26,THANJAVUR,-41.0,-54.0
27,THENI,-100.0,-83.0
28,TIRUNELVELI,-79.0,-30.0
29,TIRUPATTUR,-89.0,-87.0
30,TIRUPPUR,-100.0,-55.0
31,TIRUVALLUR,-100.0,-100.0
32,TIRUVANNAMALAI,-100.0,-100.0
33,TIRUVARUR,-71.0,-78.0
34,TOOTHUKUDI,-37.0,-38.0
35,TRICHY,-97.0,-98.0
36,VELLORE,-100.0,-100.0
37,VILLUPURAM,-100.0,-100.0
38,VIRUDHUNAGAR,-100.0,-80.0
3,UTTARA KANNADA,-100.0,40.0
1,BAGALKOTE,-100.0,344.0
2,BELAGAVI,-100.0,154.0
3,BIDAR,-100.0,549.0
4,DHARWAD,-100.0,313.0
5,GADAG,-100.0,-56.0
6,HAVERI,-100.0,163.0
7,KALABURGI,-100.0,125.0
8,KOPPAL,-100.0,332.0
9,RAICHUR,-100.0,-76.0
10,VIJAYAPURA,-100.0,-57.0
11,YADGIR,-100.0,-54.0
1,BALLARI,-100.0,-100.0
2,BENGALURU RURAL,-100.0,-100.0
3,BENGALURU URBAN,-100.0,0.0
4,CHAMARAJANAGAR,-100.0,-38.0
5,CHIKABALLAPURA,-100.0,160.0
6,CHIKKAMAGALURU,-100.0,-67.0
7,CHITRADURGA,-100.0,84.0
8,DAVANGERE,-100.0,391.0
9,HASSAN,-100.0,10.0
10,KODAGU,-100.0,-8.0
11,KOLAR,-100.0,-100.0
12,MANDYA,-100.0,-59.0
13,MYSURU,-100.0,55.0
14,RAMANAGARA,-100.0,114.0
15,SHIVAMOGGA,-100.0,-90.0
16,TUMAKURU,-100.0,-13.0
1,ALAPUZHA,-16.0,65.0
2,CANNUR,-94.0,75.0
3,ERNAKULAM,-98.0,-66.0
4,IDUKKI,-99.0,-75.0
5,KASARGOD,-84.0,123.0
6,KOLLAM,-26.0,-37.0
7,KOTTAYAM,14.0,-7.0
8,KOZHIKODE,-96.0,53.0
9,MALAPPURAM,-82.0,-33.0
10,PALAKKAD,-47.0,-20.0
11,PATHANAMTHITTA,225.0,138.0
12,THIRUVANANTHAPURAM,59.0,-7.0
13,THRISSUR,-91.0,-45.0
14,WYNAD,-100.0,-95.0
